{
  "utilities": {
    "utilities": {
      "0": [
        0.0,
        0.0,
        0.0,
        0.0,
        0.0
      ],
      "1": [
        0.0,
        0.0,
        0.0,
        0.0,
        0.0
      ],
      "2": [
        0.0,
        0.0,
        0.0,
        0.9944359496082795,
        0.9944359496082795
      ],
      "3": [
        0.0,
        0.0,
        0.0,
        0.0,
        0.0
      ],
      "4": [
        0.0,
        0.002320114552483419,
        0.002320114552483419,
        0.002320114552483419,
        0.002320114552483419
      ],
      "5": [
        0.0,
        0.0,
        0.0,
        0.0,
        0.0
      ],
      "6": [
        0.0,
        0.002196837693270084,
        0.0032439358392370474,
        0.0032439358392370474,
        0.0032439358392370474
      ]
    },
    "total_error": 15.228806199652837,
    "violations": 15226,
    "breakpoints": [
      0.0,
      0.25,
      0.5,
      0.75,
      1.0
    ],
    "alpha": 4,
    "solve_time": 51.63768196105957
  },
  "utilities_by_criterion": {
    "qtrmi_s": [
      0.0,
      0.0,
      0.0,
      0.0,
      0.0
    ],
    "hvhsz_s": [
      0.0,
      0.0,
      0.0,
      0.0,
      0.0
    ],
    "agfb_s": [
      0.0,
      0.0,
      0.0,
      0.9944359496082795,
      0.9944359496082795
    ],
    "hbrn_s": [
      0.0,
      0.0,
      0.0,
      0.0,
      0.0
    ],
    "slope_s": [
      0.0,
      0.002320114552483419,
      0.002320114552483419,
      0.002320114552483419,
      0.002320114552483419
    ],
    "hwui_s": [
      0.0,
      0.0,
      0.0,
      0.0,
      0.0
    ],
    "fbfm_s": [
      0.0,
      0.002196837693270084,
      0.0032439358392370474,
      0.0032439358392370474,
      0.0032439358392370474
    ]
  },
  "utility_curves_dense": {
    "x": [
      0.0,
      0.01,
      0.02,
      0.03,
      0.04,
      0.05,
      0.06,
      0.07,
      0.08,
      0.09,
      0.1,
      0.11,
      0.12,
      0.13,
      0.14,
      0.15,
      0.16,
      0.17,
      0.18,
      0.19,
      0.2,
      0.21,
      0.22,
      0.23,
      0.24,
      0.25,
      0.26,
      0.27,
      0.28,
      0.29,
      0.3,
      0.31,
      0.32,
      0.33,
      0.34,
      0.35000000000000003,
      0.36,
      0.37,
      0.38,
      0.39,
      0.4,
      0.41000000000000003,
      0.42,
      0.43,
      0.44,
      0.45,
      0.46,
      0.47000000000000003,
      0.48,
      0.49,
      0.5,
      0.51,
      0.52,
      0.53,
      0.54,
      0.55,
      0.56,
      0.5700000000000001,
      0.58,
      0.59,
      0.6,
      0.61,
      0.62,
      0.63,
      0.64,
      0.65,
      0.66,
      0.67,
      0.68,
      0.6900000000000001,
      0.7000000000000001,
      0.71,
      0.72,
      0.73,
      0.74,
      0.75,
      0.76,
      0.77,
      0.78,
      0.79,
      0.8,
      0.81,
      0.8200000000000001,
      0.8300000000000001,
      0.84,
      0.85,
      0.86,
      0.87,
      0.88,
      0.89,
      0.9,
      0.91,
      0.92,
      0.93,
      0.9400000000000001,
      0.9500000000000001,
      0.96,
      0.97,
      0.98,
      0.99,
      1.0
    ],
    "by_criterion": {
      "qtrmi_s": [
        0.0,
        0.0,
        0.0,
        0.0,
        0.0,
        0.0,
        0.0,
        0.0,
        0.0,
        0.0,
        0.0,
        0.0,
        0.0,
        0.0,
        0.0,
        0.0,
        0.0,
        0.0,
        0.0,
        0.0,
        0.0,
        0.0,
        0.0,
        0.0,
        0.0,
        0.0,
        0.0,
        0.0,
        0.0,
        0.0,
        0.0,
        0.0,
        0.0,
        0.0,
        0.0,
        0.0,
        0.0,
        0.0,
        0.0,
        0.0,
        0.0,
        0.0,
        0.0,
        0.0,
        0.0,
        0.0,
        0.0,
        0.0,
        0.0,
        0.0,
        0.0,
        0.0,
        0.0,
        0.0,
        0.0,
        0.0,
        0.0,
        0.0,
        0.0,
        0.0,
        0.0,
        0.0,
        0.0,
        0.0,
        0.0,
        0.0,
        0.0,
        0.0,
        0.0,
        0.0,
        0.0,
        0.0,
        0.0,
        0.0,
        0.0,
        0.0,
        0.0,
        0.0,
        0.0,
        0.0,
        0.0,
        0.0,
        0.0,
        0.0,
        0.0,
        0.0,
        0.0,
        0.0,
        0.0,
        0.0,
        0.0,
        0.0,
        0.0,
        0.0,
        0.0,
        0.0,
        0.0,
        0.0,
        0.0,
        0.0,
        0.0
      ],
      "hvhsz_s": [
        0.0,
        0.0,
        0.0,
        0.0,
        0.0,
        0.0,
        0.0,
        0.0,
        0.0,
        0.0,
        0.0,
        0.0,
        0.0,
        0.0,
        0.0,
        0.0,
        0.0,
        0.0,
        0.0,
        0.0,
        0.0,
        0.0,
        0.0,
        0.0,
        0.0,
        0.0,
        0.0,
        0.0,
        0.0,
        0.0,
        0.0,
        0.0,
        0.0,
        0.0,
        0.0,
        0.0,
        0.0,
        0.0,
        0.0,
        0.0,
        0.0,
        0.0,
        0.0,
        0.0,
        0.0,
        0.0,
        0.0,
        0.0,
        0.0,
        0.0,
        0.0,
        0.0,
        0.0,
        0.0,
        0.0,
        0.0,
        0.0,
        0.0,
        0.0,
        0.0,
        0.0,
        0.0,
        0.0,
        0.0,
        0.0,
        0.0,
        0.0,
        0.0,
        0.0,
        0.0,
        0.0,
        0.0,
        0.0,
        0.0,
        0.0,
        0.0,
        0.0,
        0.0,
        0.0,
        0.0,
        0.0,
        0.0,
        0.0,
        0.0,
        0.0,
        0.0,
        0.0,
        0.0,
        0.0,
        0.0,
        0.0,
        0.0,
        0.0,
        0.0,
        0.0,
        0.0,
        0.0,
        0.0,
        0.0,
        0.0,
        0.0
      ],
      "agfb_s": [
        0.0,
        0.0,
        0.0,
        0.0,
        0.0,
        0.0,
        0.0,
        0.0,
        0.0,
        0.0,
        0.0,
        0.0,
        0.0,
        0.0,
        0.0,
        0.0,
        0.0,
        0.0,
        0.0,
        0.0,
        0.0,
        0.0,
        0.0,
        0.0,
        0.0,
        0.0,
        0.0,
        0.0,
        0.0,
        0.0,
        0.0,
        0.0,
        0.0,
        0.0,
        0.0,
        0.0,
        0.0,
        0.0,
        0.0,
        0.0,
        0.0,
        0.0,
        0.0,
        0.0,
        0.0,
        0.0,
        0.0,
        0.0,
        0.0,
        0.0,
        0.0,
        0.03977743798433122,
        0.07955487596866244,
        0.11933231395299365,
        0.15910975193732488,
        0.19888718992165608,
        0.2386646279059873,
        0.2784420658903185,
        0.3182195038746493,
        0.3579969418589805,
        0.3977743798433117,
        0.43755181782764296,
        0.47732925581197416,
        0.5171066937963054,
        0.5568841317806366,
        0.5966615697649678,
        0.6364390077492991,
        0.6762164457336303,
        0.7159938837179615,
        0.7557713217022927,
        0.7955487596866239,
        0.8353261976709546,
        0.8751036356552859,
        0.9148810736396171,
        0.9546585116239483,
        0.9944359496082795,
        0.9944359496082795,
        0.9944359496082795,
        0.9944359496082795,
        0.9944359496082795,
        0.9944359496082795,
        0.9944359496082795,
        0.9944359496082795,
        0.9944359496082795,
        0.9944359496082795,
        0.9944359496082795,
        0.9944359496082795,
        0.9944359496082795,
        0.9944359496082795,
        0.9944359496082795,
        0.9944359496082795,
        0.9944359496082795,
        0.9944359496082795,
        0.9944359496082795,
        0.9944359496082795,
        0.9944359496082795,
        0.9944359496082795,
        0.9944359496082795,
        0.9944359496082795,
        0.9944359496082795,
        0.9944359496082795
      ],