{
  "utilities": {
    "utilities": {
      "0": [
        0.0,
        0.0,
        0.9770103197969795,
        0.9798744966455069
      ],
      "1": [
        0.0,
        0.005528698985762174,
        0.005528698985762174,
        0.005528698985762174
      ],
      "2": [
        0.0,
        0.0,
        0.013058066513197302,
        0.013058066513197302
      ],
      "3": [
        0.0,
        0.0,
        0.0,
        0.0
      ],
      "4": [
        0.0,
        0.0,
        0.0,
        0.0
      ],
      "5": [
        0.0,
        0.0,
        0.0,
        0.0
      ],
      "6": [
        0.0,
        0.00153873785553367,
        0.00153873785553367,
        0.00153873785553367
      ]
    },
    "total_error": 3.024615741090316,
    "violations": 3033,
    "breakpoints": [
      0.0,
      0.3333333333333333,
      0.6666666666666666,
      1.0
    ],
    "alpha": 3,
    "solve_time": 70.34867310523987
  },
  "utilities_by_criterion": {
    "qtrmi_s": [
      0.0,
      0.0,
      0.9770103197969795,
      0.9798744966455069
    ],
    "hvhsz_s": [
      0.0,
      0.005528698985762174,
      0.005528698985762174,
      0.005528698985762174
    ],
    "agfb_s": [
      0.0,
      0.0,
      0.013058066513197302,
      0.013058066513197302
    ],
    "hbrn_s": [
      0.0,
      0.0,
      0.0,
      0.0
    ],
    "slope_s": [
      0.0,
      0.0,
      0.0,
      0.0
    ],
    "hwui_s": [
      0.0,
      0.0,
      0.0,
      0.0
    ],
    "fbfm_s": [
      0.0,
      0.00153873785553367,
      0.00153873785553367,
      0.00153873785553367
    ]
  },
  "utility_curves_dense": {
    "x": [
      0.0,
      0.01,
      0.02,
      0.03,
      0.04,
      0.05,
      0.06,
      0.07,
      0.08,
      0.09,
      0.1,
      0.11,
      0.12,
      0.13,
      0.14,
      0.15,
      0.16,
      0.17,
      0.18,
      0.19,
      0.2,
      0.21,
      0.22,
      0.23,
      0.24,
      0.25,
      0.26,
      0.27,
      0.28,
      0.29,
      0.3,
      0.31,
      0.32,
      0.33,
      0.34,
      0.35000000000000003,
      0.36,
      0.37,
      0.38,
      0.39,
      0.4,
      0.41000000000000003,
      0.42,
      0.43,
      0.44,
      0.45,
      0.46,
      0.47000000000000003,
      0.48,
      0.49,
      0.5,
      0.51,
      0.52,
      0.53,
      0.54,
      0.55,
      0.56,
      0.5700000000000001,
      0.58,
      0.59,
      0.6,
      0.61,
      0.62,
      0.63,
      0.64,
      0.65,
      0.66,
      0.67,
      0.68,
      0.6900000000000001,
      0.7000000000000001,
      0.71,
      0.72,
      0.73,
      0.74,
      0.75,
      0.76,
      0.77,
      0.78,
      0.79,
      0.8,
      0.81,
      0.8200000000000001,
      0.8300000000000001,
      0.84,
      0.85,
      0.86,
      0.87,
      0.88,
      0.89,
      0.9,
      0.91,
      0.92,
      0.93,
      0.9400000000000001,
      0.9500000000000001,
      0.96,
      0.97,
      0.98,
      0.99,
      1.0
    ],
    "by_criterion": {
      "qtrmi_s": [
        0.0,
        0.0,
        0.0,
        0.0,
        0.0,
        0.0,
        0.0,
        0.0,
        0.0,
        0.0,
        0.0,
        0.0,
        0.0,
        0.0,
        0.0,
        0.0,
        0.0,
        0.0,
        0.0,
        0.0,
        0.0,
        0.0,
        0.0,
        0.0,
        0.0,
        0.0,
        0.0,
        0.0,
        0.0,
        0.0,
        0.0,
        0.0,
        0.0,
        0.0,
        0.019540206395939716,
        0.04885051598984912,
        0.07816082558375838,
        0.10747113517766779,
        0.1367814447715772,
        0.16609175436548662,
        0.19540206395939602,
        0.22471237355330542,
        0.25402268314721466,
        0.2833329927411241,
        0.3126433023350335,
        0.3419536119289429,
        0.3712639215228523,
        0.4005742311167617,
        0.429884540710671,
        0.4591948503045804,
        0.4885051598984898,
        0.5178154694923992,
        0.5471257790863087,
        0.576436088680218,
        0.6057463982741275,
        0.6350567078680368,
        0.6643670174619463,
        0.6936773270558557,
        0.7229876366497647,
        0.7522979462436742,
        0.7816082558375836,
        0.810918565431493,
        0.8402288750254024,
        0.8695391846193118,
        0.8988494942132212,
        0.9281598038071306,
        0.95747011340104,
        0.9770389615654648,
        0.9771248868709206,
        0.9772108121763764,
        0.9772967374818322,
        0.977382662787288,
        0.9774685880927438,
        0.9775545133981997,
        0.9776404387036555,
        0.9777263640091114,
        0.9778122893145672,
        0.977898214620023,
        0.9779841399254788,
        0.9780700652309346,
        0.9781559905363905,
        0.9782419158418463,
        0.9783278411473021,
        0.9784137664527579,
        0.9784996917582137,
        0.9785856170636695,
        0.9786715423691253,
        0.9787574676745812,
        0.978843392980037,
        0.9789293182854928,
        0.9790152435909486,
        0.9791011688964044,
        0.9791870942018603,
        0.9792730195073162,
        0.979358944812772,
        0.9794448701182278,
        0.9795307954236836,
        0.9796167207291394,
        0.9797026460345952,
        0.979788571340051,
        0.9798744966455069
      ],